id,M102,M113,M136,M178,M126,M146,M103,M173,M185,M174,M144,M100,M159,M195,M162,M125,M108,M111,M109,M120,M114,M130,M143,M145,M132,M177,M180,M189,M164,M161,M171,M187,M110,M183,M140,M107
,un,un,un,un,un,un,un,un,un,un,un,un,un,un,un,un,un,un,un,un,un,un,un,un,un,un,un,un,un,un,un,un,un,un,un,un
,0,10,20,30,40,50,60,70,80,90,100,110,120,130,140,150,160,170,180,190,200,210,220,230,240,250,260,270,280,290,300,310,320,330,340,350
id1,H,-,A,H,H,H,H,-,A,A,A,A,A,H,H,A,A,H,A,A,A,A,A,A,A,A,A,A,A,A,H,A,H,A,A,H
id2,A,H,A,A,A,H,A,-,H,H,H,A,H,A,A,A,H,A,-,H,A,A,A,-,H,H,A,A,A,H,A,A,A,A,A,A
id3,H,A,A,H,H,H,H,-,A,A,A,H,H,H,H,A,A,H,A,A,H,H,A,A,A,A,A,H,A,A,H,A,H,H,A,H
id4,A,A,A,A,A,H,A,-,A,A,A,H,H,A,A,A,A,A,-,A,H,A,A,H,A,A,A,H,A,A,A,A,A,H,A,A
id5,A,A,A,A,A,H,A,A,A,A,A,H,A,A,A,A,A,A,A,A,H,A,A,A,A,A,A,H,A,A,A,A,A,H,A,A
id6,A,H,A,H,H,H,H,-,H,H,H,A,A,A,A,A,A,H,-,A,A,A,A,A,H,H,A,A,A,H,A,A,-,A,A,A
id7,H,H,A,H,H,H,H,H,H,H,H,A,A,H,H,A,A,H,H,H,A,H,A,A,H,H,A,H,A,H,H,A,H,A,A,H
id8,A,A,A,H,H,H,H,-,A,A,A,A,H,A,A,A,H,H,-,A,A,A,A,A,A,A,A,A,H,A,A,H,-,H,A,A
id9,A,A,A,H,H,H,H,H,A,A,A,A,A,H,H,A,A,A,-,A,A,A,A,A,A,H,A,A,H,H,A,H,-,A,A,A
id10,H,H,A,A,A,H,A,-,H,H,H,H,H,A,A,H,H,A,H,H,H,A,H,A,H,H,H,H,H,H,A,H,-,H,H,H
id11,H,A,A,H,H,H,H,-,A,A,A,A,H,H,H,A,A,H,A,A,H,H,A,A,A,A,A,H,A,A,H,A,H,H,A,H
id12,H,A,A,H,H,H,H,-,A,A,A,A,A,H,H,H,A,H,-,A,A,H,H,A,A,A,H,A,H,A,H,H,-,A,H,H
id13,A,H,A,A,H,H,H,-,H,H,H,A,A,A,A,A,A,H,H,H,A,A,A,A,H,H,A,H,A,H,A,A,A,H,A,A
id14,A,H,A,A,A,A,A,-,H,H,H,H,H,A,A,H,H,A,-,H,H,A,H,A,H,H,H,H,H,H,A,H,-,H,H,A
id15,A,H,A,H,H,H,H,-,H,H,H,A,A,A,A,A,A,H,-,H,A,A,H,A,H,H,-,A,H,H,A,H,A,A,H,A
id16,H,H,A,A,A,H,A,-,H,H,H,A,H,A,A,A,H,A,-,H,A,A,A,A,H,H,A,A,A,H,A,A,A,A,A,H
id17,H,H,A,H,H,H,H,H,H,H,H,H,H,H,H,H,H,H,-,H,H,H,H,A,H,H,H,H,H,H,H,H,H,H,H,H
id18,A,A,A,A,A,H,A,A,A,A,A,A,H,A,A,A,H,A,-,H,H,A,A,A,A,A,A,A,A,A,A,A,A,A,A,A
id19,H,A,A,H,H,H,H,A,A,A,A,A,A,H,H,A,A,H,A,A,A,H,A,A,A,A,A,-,A,A,H,A,H,A,A,H
id20,H,A,A,A,A,H,A,-,A,A,H,A,H,H,H,A,H,H,H,A,A,H,A,A,A,H,A,A,A,H,H,A,H,A,A,H
id21,H,A,A,H,H,H,H,-,A,A,-,A,H,H,H,A,H,H,H,H,A,H,A,A,A,A,A,A,A,A,H,A,-,A,-,H
id22,H,H,A,H,H,H,H,-,H,H,H,H,H,H,H,H,H,A,H,H,A,A,H,A,H,H,H,H,H,H,A,H,-,A,H,H
id23,A,A,A,H,H,H,H,A,A,A,A,A,A,A,A,A,A,A,-,A,H,A,H,A,H,H,H,H,H,H,A,H,A,H,A,A
id24,A,A,A,H,H,H,H,-,A,A,A,-,A,A,A,A,A,H,-,A,A,A,A,A,A,A,A,A,A,A,H,A,-,A,A,A
id25,A,A,A,A,A,A,A,-,A,A,A,A,H,A,A,H,H,A,-,H,A,H,H,A,A,A,H,A,H,A,A,H,-,A,H,A
id26,A,H,A,A,A,H,A,-,H,H,H,A,A,A,A,A,H,A,H,H,A,A,A,A,H,H,A,A,H,H,A,H,A,A,A,A
id27,-,H,-,-,-,-,-,-,H,H,-,A,-,-,-,-,-,H,-,-,-,-,A,-,H,-,A,A,A,H,-,-,-,A,-,-
id28,A,H,A,A,A,H,A,-,H,H,H,A,H,A,A,H,H,A,-,H,A,A,A,A,H,H,A,A,H,H,A,H,-,A,A,A
id29,A,A,A,H,H,H,H,A,A,H,H,A,H,-,-,A,H,H,-,H,A,A,A,A,H,A,A,H,H,A,A,H,-,A,A,A
id30,H,H,A,H,H,H,H,-,H,H,H,A,H,H,H,A,H,H,H,H,A,H,A,A,H,A,A,A,A,A,A,A,-,A,A,H
id31,A,H,A,H,A,H,A,-,A,H,H,H,H,A,A,H,H,A,-,H,H,A,H,A,H,A,H,A,H,A,A,H,A,A,H,A
id32,A,H,A,A,A,H,A,-,H,H,H,H,H,A,A,H,H,A,H,H,H,A,-,A,H,H,H,H,H,H,A,H,-,H,H,A
id33,A,A,A,H,A,H,H,A,A,A,A,H,A,A,A,H,A,A,-,A,H,A,H,A,A,A,H,H,H,A,A,H,-,H,H,A
id34,A,H,A,A,A,H,A,H,H,H,H,A,H,A,A,H,H,A,H,H,A,A,H,A,H,H,H,A,A,H,A,A,A,A,H,A
id35,A,-,-,-,-,-,-,H,-,-,-,-,-,-,-,H,H,-,-,-,-,A,H,-,-,H,-,H,H,-,-,-,-,-,-,-
id36,H,H,A,H,H,H,H,H,H,H,H,A,H,H,H,A,H,H,-,H,A,H,A,A,H,H,A,A,A,H,H,A,H,A,A,H
id37,A,A,A,A,A,H,H,-,A,H,H,H,H,H,H,H,H,A,-,H,H,H,H,A,H,A,H,H,H,A,A,H,-,A,H,A
id38,A,H,A,H,H,H,H,-,H,A,A,H,A,-,H,-,A,H,A,A,H,H,A,A,A,A,H,H,A,H,A,A,A,H,H,A
id39,A,H,A,A,A,A,A,H,H,H,H,H,H,A,A,H,H,A,H,H,H,A,H,A,H,H,H,A,H,H,A,H,-,A,H,A
id40,H,H,A,A,A,H,A,-,H,H,H,A,H,H,H,A,H,A,H,H,A,H,A,A,H,H,A,A,H,H,A,A,-,A,A,A
id41,A,H,A,A,A,H,A,-,H,H,H,H,H,A,H,H,H,A,H,H,H,H,A,A,H,H,A,A,A,H,A,A,A,A,A,A
id42,A,A,A,A,A,H,-,A,A,A,A,A,A,A,A,A,A,A,-,A,A,A,A,A,A,A,A,A,A,A,A,A,A,A,A,A
id43,A,H,A,A,A,H,A,H,H,-,A,H,A,H,H,H,A,A,-,A,H,H,H,A,A,H,H,H,H,H,A,H,-,H,H,A
id44,H,A,A,H,H,H,H,A,A,A,A,A,A,H,H,A,A,H,-,A,A,H,A,A,A,A,A,A,H,A,H,H,-,A,A,H
id45,A,H,A,A,A,H,A,-,H,H,H,A,H,A,A,A,H,A,H,H,A,A,A,A,H,H,A,A,A,H,A,A,-,A,A,A
id46,H,A,A,H,H,H,H,-,A,A,A,H,H,H,H,H,H,H,-,H,H,H,H,A,A,A,H,H,A,A,H,H,-,H,H,H
id47,H,A,A,A,H,H,A,A,A,A,A,A,A,A,A,A,A,A,A,A,A,A,A,A,A,A,A,A,A,A,A,A,-,A,A,H
id48,H,A,A,H,H,H,H,-,A,A,H,H,A,H,H,H,A,H,H,H,H,H,H,A,H,A,H,H,H,A,H,H,-,H,H,H
id49,A,A,A,A,A,H,A,-,A,A,A,A,A,A,A,A,A,A,A,A,H,A,A,A,A,A,A,H,A,A,A,A,A,H,H,A
id50,A,H,A,A,A,H,A,A,H,H,H,H,H,A,A,H,H,A,H,H,H,A,H,A,H,A,H,H,H,A,A,H,-,H,H,-
id51,A,H,A,H,H,H,H,H,H,H,A,H,A,A,A,H,-,H,A,A,H,A,H,A,H,H,H,H,H,H,H,H,-,H,H,H
id52,H,A,A,H,H,H,H,H,H,A,H,A,H,H,H,A,H,H,-,H,A,H,A,A,H,H,A,A,A,H,H,A,-,A,A,H
id53,H,A,A,H,H,H,H,-,A,A,A,A,H,H,H,A,H,H,-,H,A,H,A,A,A,A,A,A,A,A,H,A,-,A,A,H
id54,H,H,A,H,H,H,H,H,H,H,H,A,H,H,H,A,H,H,H,H,A,H,A,A,H,H,A,A,A,H,H,A,-,A,A,H
id55,H,H,A,H,H,H,H,H,H,H,A,H,A,H,H,H,A,H,A,A,H,H,A,A,A,H,A,H,A,H,H,A,-,H,H,H
id56,H,H,A,A,A,H,A,-,H,H,H,H,H,H,H,H,H,H,-,H,H,H,H,A,H,H,H,H,H,H,H,H,-,H,H,H
id57,A,A,A,H,H,H,H,-,A,A,A,A,A,H,H,A,A,H,-,A,A,H,A,A,A,A,A,A,A,A,H,A,A,A,A,A
id58,A,A,A,H,H,H,H,A,A,A,A,A,A,A,A,H,A,H,A,A,A,H,A,A,A,A,A,H,A,A,H,A,H,A,A,A
id59,A,H,A,A,A,H,A,-,H,H,H,A,A,A,A,A,A,-,-,A,A,A,H,A,H,H,H,A,H,H,A,H,A,A,H,A
id60,H,H,A,H,H,H,H,-,H,H,H,A,H,H,H,A,A,H,-,H,A,H,A,A,H,H,A,A,A,H,H,A,-,A,A,H
id61,H,H,A,H,A,H,A,-,H,H,H,H,H,H,H,A,H,A,-,H,H,H,A,A,H,H,A,H,A,H,A,A,-,H,A,H
id62,A,H,A,A,A,H,A,H,H,H,H,H,H,A,A,H,H,A,H,H,H,A,H,A,H,A,H,H,H,H,A,H,A,H,H,A
id63,H,H,A,H,H,H,H,-,H,H,H,H,H,A,A,H,H,H,H,H,A,A,A,A,H,A,A,A,A,A,H,A,-,A,H,H
id64,A,A,A,A,A,H,H,A,A,H,A,A,A,A,A,A,A,A,A,A,A,A,A,A,A,A,A,H,A,A,A,A,-,A,A,A
id65,A,H,A,A,A,H,A,-,H,A,A,H,H,A,H,H,H,A,A,A,A,A,A,A,A,H,A,H,A,H,A,A,-,A,H,A
id66,A,H,A,H,A,H,H,-,H,H,H,A,H,A,A,A,H,A,-,H,A,A,A,A,H,H,A,A,A,H,A,A,-,A,H,A
id67,H,H,A,H,H,H,H,-,H,H,H,H,H,H,H,H,H,H,-,H,H,-,H,A,H,H,H,H,-,H,H,H,H,H,H,H
id68,H,H,A,-,H,H,H,-,H,H,H,H,H,H,H,H,H,H,-,H,H,H,H,A,H,H,H,H,H,H,H,H,H,H,H,H
id69,A,H,A,A,A,H,A,-,H,H,H,A,A,A,A,A,A,A,-,H,A,H,A,A,H,H,A,A,A,H,A,A,A,A,A,A
id70,A,A,A,H,A,A,A,-,A,A,A,H,A,A,A,H,A,A,-,-,H,A,H,A,A,A,H,A,H,A,A,H,A,A,H,A
id71,A,A,A,A,A,H,A,A,A,A,A,A,A,A,A,A,A,A,-,A,A,A,A,A,A,A,A,A,A,A,A,A,-,A,A,A
id72,A,H,A,A,A,H,A,-,H,H,H,H,H,A,A,H,H,A,H,H,H,A,-,A,H,A,H,H,H,A,A,H,-,H,H,A
id73,A,H,A,A,A,H,A,H,H,H,H,A,H,A,A,A,H,A,H,H,H,H,A,A,H,H,A,H,A,H,A,A,-,H,A,A
id74,H,H,A,A,A,H,A,H,H,H,H,H,H,H,H,H,H,H,H,H,H,H,H,A,H,H,H,H,H,H,H,H,-,H,H,H
id75,H,H,A,A,H,H,H,-,H,H,H,A,H,H,H,A,H,H,-,H,A,H,A,A,H,H,A,A,A,H,H,A,-,A,A,H
id76,H,A,A,H,H,H,H,-,A,A,A,A,A,H,H,A,A,H,A,A,A,H,A,A,A,A,A,A,A,A,H,A,H,A,A,H
id77,A,A,A,A,A,H,A,A,A,A,A,A,A,A,A,A,A,A,-,A,A,A,A,A,A,A,A,H,A,A,A,A,A,A,A,A
id78,A,A,A,A,A,H,A,A,A,H,H,H,H,A,H,H,H,H,-,H,H,H,H,H,H,A,H,H,H,A,A,H,-,H,H,A
id79,A,H,A,A,A,-,A,H,H,H,H,H,H,A,A,H,H,A,-,H,H,A,H,H,H,H,H,H,A,H,A,H,-,H,H,A
id80,H,H,A,H,H,H,H,H,H,H,A,A,H,A,A,A,H,H,-,H,A,A,A,A,H,A,A,A,A,H,H,A,H,A,A,H
id81,A,H,A,H,A,H,A,-,H,H,H,A,H,A,A,H,H,A,H,H,A,A,H,A,H,H,H,A,H,H,A,H,-,A,H,A
id82,A,A,A,A,A,H,A,-,A,A,A,H,A,A,A,H,A,A,-,A,H,H,H,A,A,A,H,H,H,A,A,H,-,H,H,A
id83,A,H,A,A,A,H,A,H,H,H,A,A,A,A,A,A,A,A,-,A,A,A,A,A,H,H,A,A,A,H,A,A,A,A,A,A
id84,H,A,A,A,A,H,A,H,A,A,A,A,A,H,H,A,A,A,A,A,A,H,H,A,A,H,A,A,H,H,H,H,-,A,A,H
id85,A,A,A,A,A,H,A,A,A,A,A,A,A,A,A,A,A,A,A,A,A,A,H,A,A,A,H,A,A,A,A,A,A,-,H,A
id86,H,H,A,H,H,H,H,H,H,A,A,A,A,H,H,A,A,H,A,A,A,H,H,A,A,H,H,A,H,H,H,H,H,A,H,H
id87,H,H,A,H,A,H,H,A,A,H,H,H,A,H,H,H,A,A,-,A,H,H,H,A,H,A,H,H,H,A,A,H,-,H,H,H
id88,H,H,A,H,H,H,H,H,H,H,H,A,H,H,H,A,H,H,H,H,A,A,A,A,H,H,A,A,A,H,H,A,-,H,A,H
id89,H,H,A,A,A,H,A,-,H,H,H,A,H,H,H,A,H,A,H,H,A,H,A,A,H,H,A,A,A,H,A,A,-,A,A,A
id90,H,A,A,A,H,H,A,A,A,A,A,A,A,A,A,A,A,H,-,A,A,A,A,-,A,A,A,A,A,A,H,A,-,A,A,H
id91,A,H,A,A,A,A,A,H,H,H,H,H,A,A,A,H,H,A,A,A,H,H,H,A,H,H,H,H,H,H,A,H,-,H,H,A
id92,A,A,A,H,H,H,H,A,A,A,A,H,A,A,A,H,A,H,A,A,H,H,H,A,A,H,H,H,H,A,A,H,A,H,H,A
id93,H,H,A,H,H,H,H,-,H,H,H,A,H,H,H,A,H,H,-,H,A,H,A,A,H,H,A,A,A,H,H,A,H,A,A,H
id94,H,H,A,H,H,H,H,H,H,H,H,H,H,A,A,H,H,H,-,H,H,A,H,A,H,H,H,A,H,H,H,H,H,A,H,H
id95,A,A,A,A,A,H,A,-,A,A,H,A,H,A,A,A,H,-,-,H,A,H,A,A,H,H,A,A,A,-,A,A,A,A,A,A
id96,H,A,A,A,A,H,A,-,A,A,H,A,H,H,H,A,H,A,H,H,A,H,A,A,H,A,A,A,H,A,A,A,A,A,A,H
id97,H,H,A,A,A,H,A,-,H,H,A,H,A,H,H,A,A,H,-,A,H,H,H,A,H,A,A,H,H,A,H,H,H,H,A,H
id98,A,H,A,A,A,H,A,H,H,H,H,H,H,A,A,H,H,A,H,H,H,A,H,A,H,H,H,H,A,H,A,A,-,H,H,A
id99,H,A,A,H,H,H,H,A,A,A,A,H,A,H,H,H,H,H,-,A,H,H,H,A,A,H,H,H,H,A,H,H,H,H,H,H
id100,H,H,A,H,H,H,H,A,H,H,H,A,H,H,H,A,H,H,-,H,A,H,H,A,H,H,H,A,H,H,H,A,-,A,H,H
id101,H,H,A,H,H,H,H,H,H,H,H,A,H,H,H,A,H,H,H,H,A,H,A,A,H,H,H,A,A,H,H,A,-,A,A,H
id102,A,A,A,H,H,H,H,-,A,A,H,A,H,A,-,A,H,H,-,H,A,A,A,A,A,H,A,A,A,H,H,A,-,A,A,-
id103,H,A,A,H,H,H,H,A,A,A,H,H,H,A,A,H,H,H,-,H,H,H,H,A,H,A,H,H,H,A,H,H,H,H,H,H
id104,H,H,A,H,H,H,H,H,H,H,H,H,H,A,A,H,H,H,H,H,A,A,H,A,H,H,H,A,H,H,H,H,-,A,H,H
id105,A,A,A,H,A,H,H,-,A,A,A,H,A,A,A,H,A,A,A,A,H,A,A,A,A,A,A,H,A,A,A,A,A,H,A,A
id106,H,H,A,-,H,-,H,H,H,H,H,H,A,H,H,H,A,H,-,A,H,H,H,A,H,H,H,H,H,H,H,H,H,H,H,H
id107,H,H,A,H,H,H,H,-,H,H,H,A,H,H,H,A,H,H,-,H,A,H,A,A,H,A,A,A,A,A,H,A,-,A,A,H
id108,H,-,A,A,H,H,H,H,H,H,H,H,H,H,H,H,H,H,-,H,H,H,A,A,H,H,A,H,A,H,A,A,-,H,A,H
id109,H,A,A,A,A,A,A,A,A,A,A,H,A,H,H,H,A,A,A,A,H,H,H,A,A,H,H,H,H,A,A,H,A,H,H,A
id110,H,H,A,H,H,H,H,-,H,H,H,H,H,H,H,H,H,H,H,H,H,H,A,A,H,H,H,H,H,H,H,A,-,H,H,H
id111,H,H,A,A,A,A,A,H,H,H,H,A,H,A,A,A,H,H,H,H,A,A,A,A,H,H,A,A,A,H,A,A,A,A,A,H
id112,A,H,A,A,A,H,A,H,H,H,H,A,H,A,A,A,H,A,-,H,A,A,A,A,H,-,A,A,A,H,A,A,A,A,A,A
id113,A,H,A,A,A,H,A,H,H,H,H,H,H,A,A,H,H,A,-,H,A,A,H,A,H,H,H,A,H,H,A,H,-,A,H,A
id114,A,A,A,H,H,H,H,-,A,H,H,A,H,A,A,A,H,H,H,H,A,A,-,A,H,A,A,A,H,A,H,H,-,A,A,A
id115,H,A,A,H,A,H,H,A,A,A,A,H,A,H,H,H,A,H,-,A,H,H,A,A,A,H,-,H,A,A,H,A,H,H,A,H
id116,A,H,A,H,A,H,A,H,H,H,H,A,H,A,A,A,H,A,-,H,A,A,A,H,H,H,A,H,H,H,A,H,-,H,-,A
id117,H,A,A,A,A,H,A,A,A,A,A,A,A,H,H,A,A,A,A,A,A,H,A,A,A,A,A,A,A,A,A,A,-,A,A,H
id118,A,A,A,H,A,H,H,-,A,A,A,A,A,A,A,A,A,A,-,A,A,A,A,A,A,H,A,A,A,H,A,A,A,A,A,A
id119,H,A,A,H,H,H,H,A,A,A,H,A,A,H,H,A,A,H,-,A,A,H,A,A,A,A,A,A,A,A,H,A,H,A,A,H
id120,A,A,A,A,A,H,A,A,A,A,A,A,A,A,A,A,A,A,-,A,A,A,A,A,A,A,A,A,A,A,A,A,A,A,A,A
id121,H,H,A,H,H,H,H,H,H,H,H,A,H,H,H,H,H,H,-,H,A,H,A,A,H,H,A,A,H,H,H,H,H,A,A,H
id122,H,A,A,A,A,H,A,-,A,H,H,H,H,H,H,H,H,A,-,H,H,H,A,A,H,A,H,H,A,A,A,A,H,H,H,H
id123,H,A,A,H,H,H,H,-,A,A,H,A,H,H,H,A,H,H,H,H,A,H,A,A,H,A,A,A,A,A,H,A,-,A,A,H
id124,H,H,A,H,H,H,H,-,H,H,H,H,H,H,H,H,H,H,-,H,A,H,A,A,H,H,A,A,A,H,H,A,H,A,H,H
id125,A,H,A,A,A,H,A,-,H,H,H,H,H,A,H,H,H,A,H,H,H,H,H,A,H,A,H,H,H,A,A,H,A,H,H,A
id126,A,H,A,H,A,H,H,-,H,H,H,H,A,A,A,H,A,A,A,A,H,A,H,A,H,H,H,H,H,H,A,H,A,H,H,A
id127,H,H,A,H,H,H,H,H,H,A,A,H,A,H,H,H,A,H,A,A,H,H,H,A,A,H,H,H,-,H,H,H,H,H,H,H
id128,A,H,A,H,A,H,A,-,H,H,H,A,A,A,A,A,A,A,A,A,A,A,H,A,H,H,H,A,H,H,A,H,A,A,H,A
id129,H,A,A,H,H,H,H,-,A,A,A,H,A,H,H,H,A,H,A,A,H,H,A,A,A,H,H,H,A,H,H,A,-,H,H,H
id130,A,A,A,A,A,H,A,-,A,A,A,H,A,H,H,A,A,A,-,A,H,H,H,A,A,A,H,H,H,A,A,H,-,H,A,A
id131,A,H,A,A,A,H,A,-,H,H,H,A,H,H,A,A,H,A,H,H,A,A,A,H,H,H,A,A,A,H,A,A,A,A,A,A
id132,A,A,A,A,A,H,A,A,A,A,A,A,H,H,H,A,H,A,H,H,A,H,A,A,A,A,A,A,A,A,A,A,-,A,A,A
id133,A,A,A,A,A,H,A,-,-,A,H,A,H,-,A,A,H,A,H,H,A,A,A,A,H,A,A,A,A,A,A,A,-,A,A,A
id134,H,A,A,A,A,H,A,-,A,A,A,H,A,H,H,A,A,A,A,A,H,H,A,A,A,A,A,H,A,H,H,A,H,H,A,H
id135,H,H,A,A,H,H,A,-,H,H,H,H,H,A,A,H,H,H,H,H,H,A,A,A,H,H,A,H,A,H,H,A,-,H,H,H
id136,A,A,A,H,H,H,H,A,A,A,A,H,A,A,-,H,A,H,-,A,H,A,H,A,A,A,H,H,H,A,H,H,-,H,H,H
id137,H,H,A,H,H,H,H,A,H,H,H,A,H,H,H,A,H,H,-,H,H,H,A,A,H,A,A,H,H,A,H,A,H,H,A,H
id138,A,H,A,A,A,H,A,H,H,H,H,H,A,A,A,H,A,A,H,H,H,A,H,A,H,H,H,H,H,H,A,H,H,H,H,A
id139,A,A,A,A,A,H,A,A,A,A,A,A,A,A,A,A,A,A,-,A,A,A,A,A,A,A,A,A,-,A,A,A,-,A,A,A
id140,H,H,A,H,H,H,H,-,H,H,A,H,A,H,H,A,A,H,-,A,H,H,A,A,A,H,A,A,H,H,H,A,-,A,A,H
id141,A,H,A,H,H,H,H,-,A,H,A,A,A,A,-,A,A,H,-,A,A,A,H,A,H,A,A,A,H,A,A,H,-,A,A,A
id142,H,H,A,H,H,H,H,H,H,H,H,H,H,H,H,H,H,H,-,H,A,H,H,A,H,H,H,A,H,H,H,H,H,A,H,H
id143,H,A,A,H,H,H,H,A,A,A,A,H,A,H,H,H,A,H,-,A,H,H,H,A,A,A,H,H,H,A,H,H,H,H,H,H
id144,A,H,A,H,A,H,A,-,H,H,H,A,H,A,A,A,H,H,H,H,A,A,A,A,H,H,A,A,A,H,A,A,A,A,A,A
id145,A,H,A,H,A,H,H,H,H,H,H,H,H,A,A,H,A,A,-,A,A,A,H,A,H,H,H,A,H,H,A,H,A,A,H,A
id146,H,A,A,H,H,H,H,-,A,A,A,H,A,H,H,H,A,H,A,A,H,H,H,A,A,H,H,H,H,H,H,H,H,H,H,H
id147,H,H,A,H,H,H,H,H,H,H,H,A,H,A,A,H,H,H,H,H,A,A,H,A,H,H,H,A,H,H,H,H,-,A,H,H
id148,H,A,A,A,A,H,A,-,A,A,H,A,A,H,H,H,H,A,-,H,A,H,A,A,H,A,H,A,H,A,A,H,A,A,H,A
id149,H,A,A,A,A,H,A,A,A,A,A,H,A,H,H,H,A,A,-,A,H,H,H,A,A,A,H,H,H,A,A,H,-,H,H,A
id150,A,A,A,A,A,H,A,-,A,A,H,A,A,A,A,A,A,A,H,A,A,A,A,A,A,A,A,H,H,A,A,A,A,A,A,A
id151,A,H,A,H,A,H,A,H,H,H,H,A,H,A,A,A,H,A,-,H,A,-,A,A,H,H,A,H,A,H,A,A,A,A,A,A
id152,A,H,A,A,A,H,A,H,H,H,H,H,A,-,H,H,A,A,H,H,H,H,H,H,H,H,H,H,H,H,A,H,-,H,H,A
id153,A,H,A,H,H,H,H,-,H,H,H,A,A,H,-,A,H,H,H,H,A,H,A,A,H,H,A,A,A,H,H,A,-,A,A,H
id154,H,A,A,H,H,H,H,A,A,A,A,A,H,H,H,H,A,H,-,A,A,H,H,A,A,A,H,A,-,A,H,H,H,A,H,H
id155,H,H,A,H,H,H,H,-,H,H,A,A,A,H,H,A,A,H,A,A,A,H,A,A,A,A,A,A,A,A,H,A,H,A,A,H
id156,A,H,A,A,H,H,H,H,H,H,H,H,A,A,A,H,A,H,-,A,H,A,H,A,H,H,H,H,H,H,A,H,-,H,H,A
id157,H,A,A,H,H,H,H,A,A,A,A,H,A,H,H,H,A,H,-,A,H,H,A,A,A,A,H,A,A,A,H,A,-,H,H,H
id158,H,H,A,A,A,H,A,H,H,H,H,H,H,A,A,A,H,A,-,A,H,A,A,A,H,H,A,H,A,H,A,A,-,H,A,H
id159,H,A,A,H,H,-,H,H,H,H,H,A,H,H,H,A,H,H,H,H,H,H,H,A,H,H,H,A,H,H,H,H,-,H,H,H
id160,H,H,A,H,H,H,H,-,H,A,A,H,A,H,H,H,A,H,A,A,H,H,H,A,A,H,H,H,H,H,H,H,H,H,H,H
id161,A,H,A,A,A,H,A,A,H,H,H,A,H,H,H,A,H,A,-,H,A,H,A,A,H,H,A,A,A,A,A,A,A,A,A,A
id162,H,A,A,H,H,H,H,A,A,A,A,H,H,A,A,H,H,H,A,A,H,H,H,A,A,A,H,H,H,A,H,H,-,H,H,H
id163,A,A,A,H,A,H,A,-,A,A,A,A,A,A,A,A,A,A,A,A,A,H,A,A,A,A,A,A,A,A,A,A,A,A,A,A
id164,A,H,A,A,A,H,A,H,H,H,A,H,A,A,A,A,A,A,A,A,H,A,A,A,A,A,A,H,A,H,A,-,A,H,A,A
id165,A,A,A,A,A,H,A,A,A,A,A,H,A,A,A,H,A,A,-,A,A,A,H,A,A,A,H,A,A,A,A,A,A,A,H,A
id166,A,A,A,H,H,H,H,A,A,A,H,H,H,A,A,H,H,H,-,H,H,A,H,A,A,A,H,H,H,A,H,H,H,H,H,A
id167,H,H,A,H,H,H,H,-,H,H,H,A,H,H,H,A,H,H,-,H,A,H,A,A,H,H,A,H,A,H,H,A,-,H,A,H
id168,-,-,-,-,-,-,-,-,-,H,-,-,-,H,-,-,-,-,-,-,-,-,A,A,-,H,-,-,-,-,-,-,H,-,A,-
id169,A,H,A,H,A,H,A,-,H,H,H,A,H,A,A,A,H,A,-,H,H,A,A,-,H,H,A,H,A,H,A,A,-,H,A,A
id170,H,A,A,A,H,H,A,-,A,A,H,H,H,H,H,A,H,H,H,H,A,H,A,A,H,A,-,A,H,A,-,H,H,A,A,H
id171,A,A,H,A,A,H,A,H,H,A,A,H,H,A,A,H,H,A,-,H,A,A,A,A,A,H,H,H,H,H,A,H,-,A,H,A
id172,A,H,A,H,A,H,A,H,H,H,H,H,A,H,H,H,A,A,H,H,H,H,H,A,H,H,H,A,H,H,A,H,A,A,H,A
id173,H,A,A,H,H,H,H,A,A,A,H,A,A,H,H,A,A,H,-,A,A,H,A,A,A,A,A,A,A,A,H,A,H,A,A,H
id174,A,A,A,A,H,H,A,A,A,A,A,A,A,A,A,H,A,A,A,A,A,A,H,A,A,A,H,H,H,A,A,H,-,H,H,A
id175,H,A,A,A,H,H,H,H,A,H,H,A,H,H,H,A,H,H,H,H,A,H,A,A,H,H,A,A,A,H,H,A,H,A,A,H
id176,H,A,A,H,H,H,H,A,A,A,A,A,A,H,H,A,A,H,A,A,A,H,A,A,A,A,A,A,A,A,H,A,-,A,A,H
id177,H,H,A,H,H,H,H,-,H,H,H,A,H,H,H,A,A,H,-,H,A,H,A,A,H,H,A,A,A,H,H,A,H,A,A,H
id178,A,A,A,A,A,H,A,A,A,A,H,A,H,A,A,A,H,A,H,H,A,H,A,A,H,H,A,A,A,H,A,A,-,A,A,A
id179,H,A,A,H,-,H,H,-,-,A,A,A,A,A,A,A,A,H,A,A,A,A,H,A,A,A,A,H,H,A,H,H,H,A,A,H
id180,H,A,A,H,H,H,H,A,A,A,A,A,A,H,H,A,A,H,A,A,A,H,A,A,A,A,A,A,A,A,H,A,H,A,A,H
id181,H,A,A,H,H,H,H,-,A,A,H,A,H,H,H,A,H,H,-,H,A,H,A,A,H,A,A,A,A,A,H,A,H,A,A,H
id182,H,H,A,H,H,H,H,H,H,H,H,A,H,A,A,A,H,H,H,H,A,A,A,A,H,H,A,A,H,H,H,H,H,A,A,H
id183,H,H,A,H,H,H,H,-,H,H,H,H,H,H,H,H,H,H,-,H,H,H,H,A,H,A,H,H,H,A,H,H,-,H,H,H
id184,H,H,A,H,H,H,-,-,H,H,H,A,H,H,H,A,H,H,H,H,A,H,A,A,H,A,A,A,A,H,A,A,A,A,A,H
id185,A,H,A,H,H,H,H,H,H,H,A,H,A,A,A,H,A,H,-,A,H,A,A,A,H,H,A,H,A,H,H,A,-,H,H,A
id186,H,A,A,A,H,H,A,-,A,A,A,A,A,H,H,A,A,H,A,A,A,H,A,A,A,A,A,A,A,A,H,A,H,A,A,H
id187,H,H,A,A,A,H,A,-,A,H,H,A,H,H,H,A,H,A,-,H,A,H,-,A,H,A,A,A,A,A,H,A,-,A,A,H
id188,H,H,A,H,H,H,H,H,H,H,H,A,H,H,H,A,H,H,H,H,A,H,A,A,H,H,A,A,A,H,H,A,H,A,A,H
id189,H,A,A,A,H,H,H,-,A,H,H,H,H,H,H,H,H,H,-,H,H,H,H,A,H,A,H,H,H,A,H,H,-,H,H,H
id190,H,A,A,A,A,H,A,-,A,A,A,A,A,H,H,A,A,H,A,A,A,H,H,A,A,A,H,A,H,A,H,H,-,A,A,H
id191,H,H,A,H,H,H,H,H,H,H,A,A,A,A,A,A,A,H,-,A,A,H,A,A,A,H,A,H,A,H,H,A,H,A,A,H
id192,H,H,A,A,H,H,A,H,H,H,H,H,H,H,H,H,H,H,H,H,H,H,H,A,H,H,H,H,H,H,H,H,-,H,H,H
id193,H,H,A,A,A,H,A,H,H,H,H,A,H,H,H,A,H,A,-,H,A,H,A,A,H,H,A,A,A,H,H,A,-,A,A,H
id194,H,A,A,H,H,H,H,-,A,A,A,H,A,H,A,H,A,H,-,A,H,A,H,A,A,A,H,H,H,A,H,H,H,H,H,H
id195,A,A,A,H,H,H,H,-,A,A,H,H,H,H,H,H,H,H,-,H,H,H,H,A,H,A,H,H,A,A,H,A,A,H,H,A
id196,H,A,A,A,A,H,A,A,A,A,A,A,A,H,H,-,A,A,A,A,A,H,A,A,A,A,A,H,A,A,A,A,-,A,A,H
id197,H,H,A,A,A,H,A,-,H,H,H,A,A,H,H,A,A,A,H,H,A,H,A,A,A,H,A,A,A,H,A,A,A,A,A,H
id198,A,H,A,H,H,H,H,H,H,H,A,A,A,A,A,A,A,H,A,A,A,A,A,A,A,H,A,A,A,H,H,A,A,A,A,A
id199,H,H,A,H,H,H,H,-,H,A,A,H,A,H,H,A,A,H,-,-,H,H,A,A,A,H,A,H,A,H,H,A,H,H,A,H
id200,A,-,-,-,-,-,A,-,-,A,-,-,-,-,-,-,A,A,-,-,-,-,-,-,A,-,-,-,-,A,-,-,-,-,-,-
id201,A,A,A,A,A,H,A,A,A,A,A,H,H,A,A,H,H,A,-,H,A,A,H,A,A,-,H,A,H,A,A,H,A,A,H,A
id202,H,A,A,A,H,H,A,-,A,A,H,H,H,H,H,H,H,H,H,H,H,H,H,A,H,A,H,A,H,A,H,H,H,H,H,H
id203,A,H,A,A,A,A,A,H,H,H,H,A,H,A,A,A,H,A,-,H,A,A,H,A,H,A,A,A,H,H,H,H,-,A,A,A
id204,H,A,A,H,-,H,H,A,A,A,A,A,A,H,H,A,A,H,-,A,A,H,A,A,A,A,A,A,A,-,H,A,-,A,A,H
id205,A,A,A,H,A,H,A,A,A,A,A,H,A,H,H,H,A,A,-,A,H,H,H,A,A,A,H,H,H,A,A,H,A,H,H,A
id206,H,A,A,A,H,H,H,-,A,A,A,A,H,H,H,A,H,H,H,H,A,H,A,A,A,A,A,A,A,A,H,A,H,A,A,H
id207,A,A,A,A,A,H,A,A,A,A,A,H,A,A,A,A,A,A,A,A,A,A,A,A,A,A,A,A,A,A,A,A,-,A,A,A
id208,A,A,A,A,H,H,H,A,A,A,A,A,H,A,A,A,H,H,A,H,A,A,A,A,A,A,A,A,A,A,H,A,A,A,A,A
id209,H,H,A,A,H,H,H,H,H,A,A,H,A,H,H,A,A,H,-,A,H,H,H,A,A,H,H,H,H,H,H,H,H,H,H,H
id210,A,H,A,H,H,H,H,-,H,H,H,A,H,A,A,A,H,A,H,H,A,A,A,A,H,A,A,A,H,A,A,H,-,A,A,A
id211,A,H,A,A,A,H,A,-,H,H,H,A,H,A,A,A,H,A,H,H,A,A,A,A,H,H,A,A,A,H,A,A,A,H,A,A
id212,H,H,A,H,H,H,H,-,H,H,H,H,A,H,H,H,A,H,H,H,H,H,H,A,H,H,H,H,H,H,H,H,H,H,H,H
id213,H,A,A,H,H,A,H,-,A,A,A,A,A,H,H,H,A,A,A,A,A,A,H,A,A,A,H,A,H,A,H,H,-,A,-,H
id214,A,H,A,-,A,H,A,-,H,H,H,H,A,A,A,A,A,A,H,H,H,A,A,A,H,H,A,H,A,H,A,A,-,H,A,A
id215,A,A,A,H,A,H,A,A,H,A,A,H,H,A,A,H,H,A,-,H,H,A,H,A,A,A,H,H,H,A,A,H,-,H,H,A
id216,H,A,A,A,A,H,A,A,A,A,A,H,A,H,H,H,A,A,-,A,H,H,A,A,A,A,A,A,A,A,A,A,-,H,A,H
id217,A,H,A,A,A,H,A,-,H,H,H,A,A,A,A,H,A,A,H,A,H,A,A,A,H,H,A,H,A,H,A,A,-,H,H,A
id218,H,H,A,H,H,H,H,-,A,H,H,H,H,H,H,H,H,H,-,H,H,H,H,A,H,A,H,H,H,A,H,H,H,H,H,H
id219,A,H,A,A,A,H,A,H,A,H,H,A,H,-,A,A,H,A,-,H,A,A,A,A,H,H,A,A,A,H,H,A,H,A,A,A
id220,A,A,A,A,A,H,A,A,A,A,A,H,H,A,A,H,H,A,-,A,H,A,-,A,A,A,H,H,A,A,A,H,A,H,H,A
id221,A,H,A,A,A,A,A,H,H,H,H,H,H,A,A,H,H,A,-,H,H,A,H,A,H,H,H,H,H,H,A,H,A,H,H,A
id222,A,A,A,H,A,H,H,-,A,A,H,A,H,A,A,H,H,A,H,H,A,A,H,A,H,A,H,A,H,A,A,H,A,A,H,A
id223,H,H,A,H,H,H,H,-,H,H,H,H,A,H,H,H,A,H,-,A,A,H,H,A,A,A,H,A,H,A,H,-,-,H,H,H
id224,H,H,A,H,H,H,H,H,H,A,H,H,H,H,H,H,H,H,-,H,H,H,H,A,A,H,H,H,H,H,H,H,-,H,H,H
id225,H,A,A,H,H,H,H,A,A,H,H,A,A,H,H,A,A,H,-,H,A,H,A,A,H,A,A,H,A,A,H,H,-,H,A,H
id226,A,A,A,A,A,H,A,A,A,A,A,H,A,A,A,H,A,A,A,A,H,A,H,A,A,A,H,A,H,A,A,H,-,H,H,A
id227,A,H,A,A,A,H,A,-,H,H,H,H,A,A,A,H,A,H,-,A,A,A,H,A,H,H,H,A,H,H,H,H,A,A,H,A
id228,H,H,A,H,H,H,H,H,H,H,A,H,A,H,H,H,A,H,A,A,H,H,H,A,A,H,H,H,H,H,H,H,H,H,H,H
id229,A,A,A,A,A,H,A,-,A,A,A,H,A,A,H,H,A,-,A,A,H,H,A,A,A,A,H,H,A,A,A,A,A,H,H,A
id230,H,H,A,A,A,H,A,H,H,H,H,A,H,H,H,A,H,A,H,H,A,H,A,A,H,H,A,A,A,H,A,A,H,A,A,H
id231,A,H,-,A,A,H,A,-,H,H,H,H,H,A,A,H,H,A,-,H,H,A,H,A,H,H,H,A,H,H,A,H,A,A,H,A
id232,A,H,A,H,H,H,H,H,H,H,H,A,H,A,A,A,H,H,H,H,A,A,A,A,H,H,A,H,A,H,H,A,-,A,A,A
id233,H,A,A,H,H,H,H,A,A,A,A,A,A,H,H,A,A,H,-,A,A,H,A,A,A,A,A,H,A,A,H,A,-,H,A,H
id234,H,A,A,H,H,H,H,-,A,A,A,H,H,H,H,H,H,H,-,A,H,H,H,A,A,H,H,H,H,H,A,H,A,H,H,A
id235,A,H,A,A,A,H,A,-,H,H,H,H,H,A,A,H,H,A,H,H,H,A,A,A,H,A,A,A,A,H,A,H,A,A,A,A
id236,A,A,A,A,A,H,A,A,A,A,A,A,A,A,H,A,A,A,-,A,A,H,H,A,H,A,H,A,H,A,A,H,A,A,A,A
id237,H,A,A,H,H,H,H,A,A,A,A,A,A,H,H,A,A,H,-,A,A,H,A,A,-,A,A,A,A,A,H,A,-,A,A,H
id238,H,H,A,H,H,H,H,H,H,H,H,H,H,A,A,H,H,H,H,H,A,A,A,A,H,H,A,H,A,H,H,A,H,H,A,-
id239,H,H,A,H,H,H,H,H,H,A,A,A,A,H,H,A,A,H,-,A,H,H,A,A,A,H,A,H,A,H,H,A,-,H,A,H
id240,A,H,A,A,A,H,A,H,H,H,A,H,H,H,H,H,H,A,-,H,A,H,H,A,H,H,H,A,H,H,A,H,-,A,H,A
id241,A,A,A,A,H,A,A,H,A,A,H,H,H,A,A,H,H,A,-,H,H,A,H,A,H,H,H,H,H,H,A,H,-,H,H,A
id242,H,A,A,H,H,H,H,A,A,A,A,A,H,A,A,A,A,H,-,A,A,A,A,A,A,A,A,H,A,A,H,A,H,H,A,H
id243,A,H,A,A,A,-,A,H,H,H,H,H,H,A,A,H,H,A,H,H,H,A,H,A,H,H,H,H,H,H,A,H,A,H,H,A
id244,A,A,A,A,A,H,A,A,A,A,A,A,A,A,A,A,A,A,A,A,A,A,A,A,A,A,A,A,A,A,A,A,-,A,A,A
id245,H,A,A,H,H,H,H,A,A,H,H,H,H,H,H,H,H,H,H,-,A,H,H,A,H,A,H,A,A,A,H,A,-,A,H,H
id246,H,H,A,H,H,H,H,-,H,H,H,H,H,H,H,H,H,H,H,-,H,A,H,A,H,A,H,A,H,A,H,H,-,A,H,H
id247,-,-,-,-,-,-,H,-,-,-,A,A,-,H,-,-,-,H,-,-,-,-,-,-,-,-,-,A,-,-,-,-,-,A,-,-
id248,A,H,A,A,A,H,A,H,H,H,A,H,A,A,A,H,A,A,-,A,H,A,H,A,H,H,H,H,H,H,H,H,H,H,H,A
id249,H,A,A,H,H,H,H,A,A,A,A,A,A,-,A,A,A,H,A,A,A,A,H,A,A,A,A,H,H,A,H,H,-,H,A,H
id250,H,H,A,A,A,H,A,H,H,H,A,H,H,H,H,H,H,A,-,A,H,H,H,A,A,H,H,H,A,H,H,H,-,H,H,H
